student_id,grade,target_word,student_sentence,time_spent_seconds,rb_score,rb_confidence,rb_reason,llm_score,llm_confidence,llm_reason,quadrant,human_score,human_notes
21,4,teacher,The teacher is fun.,32.76,1,0.88,Word present with plausible POS and content,1,0.99,"The word 'teacher' is used correctly as a noun in its base form. The sentence is grammatically plausible and demonstrates clear understanding of the word's meaning. This is an appropriate, simple sentence for grade 4.",agree_correct,,
50,5,baseball,The baseball is fun.,32.97,1,0.88,Word present with plausible POS and content,1,0.95,"The target word 'baseball' is present in its correct form, used as a noun (the subject of the sentence), and demonstrates appropriate understanding of the word as a sport/game that can be fun. The sentence is grammatically correct and age-appropriate for grade 5.",agree_correct,,
36,5,sun,The sun is fun.,26.72,1,0.88,Word present with plausible POS and content,1,0.99,The target word 'sun' is present and used correctly as a noun in the subject position. The sentence demonstrates understanding of the word's meaning (the celestial body) and is grammatically sound. This is an appropriate sentence for grade 5.,agree_correct,,
43,4,city,The city is fun.,26.43,1,0.88,Word present with plausible POS and content,1,0.99,"The target word 'city' is used correctly as a noun in a grammatically plausible sentence. The student demonstrates understanding that a city is a place, and the sentence is age-appropriate for grade 4.",agree_correct,,
4,3,storm,The storm is fun.,23.14,1,0.88,Word present with plausible POS and content,1,0.95,The target word 'storm' is present and used correctly as a noun in the subject position. The sentence is grammatically plausible and demonstrates understanding that a storm is a weather phenomenon that can be described with an adjective. Appropriate for grade 3.,agree_correct,,
37,4,planet,The planet is fun.,28.88,1,0.88,Word present with plausible POS and content,1,0.95,"The target word 'planet' is present as a noun in its standard form. It is used grammatically as the subject of the sentence ('The planet is...'). While the sentence is simple, it demonstrates basic understanding that a planet is a thing that can be described with an adjective. Appropriate for grade 4.",agree_correct,,
38,5,book,The book is fun.,35.71,1,0.88,Word present with plausible POS and content,1,0.99,"The target word 'book' is present as a noun in its standard form. It is used grammatically correct as the subject of the sentence. The sentence demonstrates understanding of the word's meaning (a written/printed object that can be enjoyable to read). This is an appropriate, straightforward use for a grade 5 student.",agree_correct,,
13,6,desert,The desert is fun.,25.11,1,0.88,Word present with plausible POS and content,1,0.95,The target word 'desert' is present as a noun and used with appropriate meaning. The student correctly identifies a desert as a place/noun and describes it with an adjective. This is a simple but correct usage appropriate for grade 6.,agree_correct,,
50,5,library,The library is fun.,33.66,1,0.88,Word present with plausible POS and content,1,0.99,The target word 'library' is present as a noun in its standard form. It is used grammatically correctly as the subject of the sentence. The sentence demonstrates appropriate understanding of the word's meaning (a place/building). The sentence is simple but valid for grade 5.,agree_correct,,
36,5,book,The book is fun.,38.36,1,0.88,Word present with plausible POS and content,1,0.99,"The target word 'book' is present as a noun in its base form, used correctly as the subject of the sentence. The sentence demonstrates understanding that a book is an object that can be described as fun. This is grammatically correct and appropriate for grade 5.",agree_correct,,
46,6,mountain,The mountain is fun.,26.13,1,0.88,Word present with plausible POS and content,1,0.95,"The target word 'mountain' is present as a noun in its standard form, used correctly as the subject of the sentence. The sentence is grammatically plausible and demonstrates basic understanding of the word's meaning (a geographical feature). While simple, this is appropriate for grade 6 and clearly shows correct usage.",agree_correct,,
5,5,television,The television is fun.,22.73,1,0.88,Word present with plausible POS and content,1,0.99,"The target word 'television' is present in its standard form, used correctly as a noun (subject of the sentence), and demonstrates understanding of the word's meaning. This is a simple, grammatically correct sentence appropriate for grade 5.",agree_correct,,
50,5,country,The country is fun.,33.17,1,0.88,Word present with plausible POS and content,1,0.95,The word 'country' is used correctly as a noun in its standard sense (a nation or state). The sentence is grammatically plausible and demonstrates appropriate understanding of the word's meaning. It is a simple but valid sentence suitable for grade 5.,agree_correct,,
4,3,family,The family is fun.,26.01,1,0.88,Word present with plausible POS and content,1,0.99,The target word 'family' is present and used correctly as a noun (singular subject of the sentence). The sentence demonstrates understanding of the word's meaning and is grammatically appropriate for grade 3.,agree_correct,,
13,6,animal,The animal is fun.,35.64,1,0.88,Word present with plausible POS and content,1,0.95,"The target word 'animal' is present as a noun in its base form, used correctly as the subject of the sentence. The sentence is grammatically plausible and demonstrates understanding that 'animal' refers to a living creature. The sentence is simple but appropriate for grade 6.",agree_correct,,
43,4,desert,The desert is fun.,38.55,1,0.88,Word present with plausible POS and content,1,0.95,The target word 'desert' (a large arid region) is used correctly as a noun in its proper grammatical role. The sentence demonstrates understanding of the word's meaning and is appropriately simple for grade 4.,agree_correct,,
43,4,summer,The summer is fun.,26.77,1,0.88,Word present with plausible POS and content,1,0.99,The target word 'summer' is present and used correctly as a noun (the season). The sentence demonstrates clear understanding of the word's meaning and is grammatically appropriate for a grade 4 student.,agree_correct,,
4,3,island,The island is fun.,33.58,1,0.88,Word present with plausible POS and content,1,0.99,"The target word 'island' is present in its standard form, used correctly as a noun (subject of the sentence), and demonstrates understanding of the word's meaning. The sentence is grammatically sound and appropriate for grade 3.",agree_correct,,
37,4,moon,The moon is fun.,37.9,1,0.88,Word present with plausible POS and content,1,0.95,"The target word 'moon' is present and used correctly as a noun. The sentence demonstrates understanding of the word as a celestial object. While simple, this is appropriate for grade 4 and shows proper usage with correct grammar.",agree_correct,,
11,6,planet,The planet is fun.,25.19,1,0.88,Word present with plausible POS and content,1,0.95,"The word 'planet' is used correctly as a noun in its standard singular form. The sentence is grammatically plausible and demonstrates basic understanding of the word as a celestial body. While the sentence is simple and the adjective 'fun' is somewhat informal for describing a planet, this is appropriate for a 6th grader and does not indicate misunderstanding of the target word itself.",agree_correct,,
46,6,bridge,The bridge is fun.,21.62,1,0.88,Word present with plausible POS and content,1,0.95,"The target word 'bridge' is present and used as a noun in its correct grammatical role. The sentence demonstrates understanding that a bridge is a thing/structure that can be described as 'fun.' While simple, this is an appropriate sentence for grade 6 and shows correct usage of the word.",agree_correct,,
37,4,friend,The friend is fun.,37.75,1,0.88,Word present with plausible POS and content,1,0.99,The target word 'friend' is present and used correctly as a noun in its standard form. The sentence is grammatically sound and demonstrates understanding of the word's meaning. The sentence is appropriate for grade 4 level.,agree_correct,,
13,6,tennis,The tennis is fun.,34.56,1,0.88,Word present with plausible POS and content,1,0.95,"The target word 'tennis' is present and used correctly as a noun referring to the sport. The sentence is grammatically sound and demonstrates clear understanding of the word's meaning, appropriate for grade 6.",agree_correct,,
4,3,hockey,The hockey is fun.,21.88,1,0.88,Word present with plausible POS and content,1,0.95,The word 'hockey' is used correctly as a noun (the sport/game). The sentence is grammatically plausible and demonstrates understanding that hockey is something that can be fun. Appropriate for grade 3.,agree_correct,,
22,5,ocean,The ocean is fun.,25.24,1,0.88,Word present with plausible POS and content,1,0.99,The target word 'ocean' is present as a noun in its standard form. It is used correctly as the subject of the sentence with appropriate meaning—the student demonstrates understanding that an ocean is a large body of water that can be described as fun/enjoyable. The sentence is grammatically sound and semantically meaningful for a grade 5 student.,agree_correct,,
37,4,pencil,The pencil is fun.,20.55,1,0.88,Word present with plausible POS and content,1,0.95,"The target word 'pencil' is present as a noun and used grammatically correctly as the subject of the sentence. While 'fun' is an unusual descriptor for a pencil, it is semantically plausible for a grade 4 student (e.g., the pencil is fun to use, has fun colors, etc.) and demonstrates basic understanding of the word.",agree_correct,,
43,4,snow,The snow is fun.,32.16,1,0.88,Word present with plausible POS and content,1,0.99,"The word 'snow' is used correctly as a noun, the sentence is grammatically sound, and it demonstrates appropriate understanding of the word's meaning. The sentence is age-appropriate for grade 4.",agree_correct,,
4,3,snow,The snow is fun.,32.71,1,0.88,Word present with plausible POS and content,1,0.99,The target word 'snow' is present and used correctly as a noun in its base form. The sentence is grammatically plausible and demonstrates understanding—snow is indeed something that can be fun. This is an appropriate simple sentence for grade 3.,agree_correct,,
8,5,desert,The desert is fun.,28.82,1,0.88,Word present with plausible POS and content,1,0.95,"The student correctly uses 'desert' as a noun referring to a dry, sandy region. The sentence is grammatically correct and demonstrates understanding of the word's meaning. The adjective 'fun' appropriately modifies the noun, making this a valid use for a grade 5 student.",agree_correct,,
37,4,country,The country is fun.,34.06,1,0.88,Word present with plausible POS and content,1,0.99,The target word 'country' is present and used correctly as a noun in the sentence. The student demonstrates understanding that a country is a place/entity that can have the quality of being fun. The sentence is grammatically sound and appropriate for grade 4.,agree_correct,,
17,4,storm,My storm is nice.,14.12,0,0.9,Template/boilerplate sentence detected,0,0.95,"The sentence uses 'storm' as a possessive object ('my storm'), which is semantically nonsensical. A storm cannot be owned or possessed in a meaningful way. This demonstrates a misunderstanding of the word's meaning. A correct usage would be something like 'The storm was scary' or 'We watched the storm.'",agree_incorrect,,
2,5,telephone,I used the word telephone correctly in this sentence.,8.44,0,0.9,Template/boilerplate sentence detected,0,0.99,This is a boilerplate placeholder sentence that does not demonstrate actual use of the target word. The sentence merely mentions that the word was used correctly rather than using it with meaningful context. This violates the scoring criterion for boilerplate placeholders.,agree_incorrect,,
30,4,garden,I used the word garden correctly in this sentence.,8.77,0,0.9,Template/boilerplate sentence detected,0,0.99,This is a boilerplate placeholder sentence that does not demonstrate actual use of the target word in context. The student has not written a meaningful sentence showing understanding of 'garden.',agree_incorrect,,
17,4,ocean,My ocean is nice.,11.18,0,0.9,Template/boilerplate sentence detected,0,0.95,"The student uses 'ocean' as a possessive ('my ocean'), which is semantically inappropriate. Oceans are not personal possessions that someone can own. The sentence demonstrates a fundamental misunderstanding of what an ocean is. A correct usage would involve the ocean as a general noun (e.g., 'The ocean is nice') or in a proper context where possession makes sense (which is rare for this word).",agree_incorrect,,
1,4,country,I am hapy country day.,25.9,0,0.9,Template/boilerplate sentence detected,0,0.95,"The target word 'country' is used in a semantically meaningless way. The phrase 'happy country day' does not convey a clear, understandable meaning. The student does not demonstrate understanding of the word 'country' (a place/nation). This appears to be a nonsensical construction rather than a valid use of the word.",agree_incorrect,,
34,3,bridge,I used the word bridge correctly in this sentence.,10.5,0,0.9,Template/boilerplate sentence detected,0,1.0,This is a boilerplate placeholder sentence that does not meaningfully use the target word. The student has not demonstrated actual understanding of the word 'bridge' through contextual usage.,agree_incorrect,,
19,4,breakfast,I am hapy breakfast day.,26.3,0,0.9,Template/boilerplate sentence detected,0,0.95,"The word 'breakfast' is used as an adjective modifying 'day' ('breakfast day'), but 'breakfast' is a noun. The sentence is also grammatically incomplete and incoherent ('I am hapy breakfast day' does not form a meaningful clause). While 'breakfast day' could theoretically work as a compound noun in isolation, the overall sentence structure makes it unclear whether the student understands 'breakfast' as a standalone concept. The sentence does not demonstrate clear understanding of the word's meaning or proper usage.",agree_incorrect,,
9,5,excited,My excited is nice.,21.41,0,0.9,Template/boilerplate sentence detected,0,0.95,"The word 'excited' is used as a noun ('My excited'), but it is an adjective. The student has not demonstrated understanding of the word's grammatical role or meaning. A correct usage would require 'excited' to modify a noun (e.g., 'I am excited') or appear in an appropriate adjectival position.",agree_incorrect,,
40,4,breakfast,I used the word breakfast correctly in this sentence.,6.92,0,0.9,Template/boilerplate sentence detected,0,1.0,This is a boilerplate placeholder sentence that does not actually use the target word 'breakfast' in a meaningful way. It merely mentions the word without demonstrating genuine understanding through contextual usage.,agree_incorrect,,
5,5,desert,I am hapy desert day.,33.74,0,0.9,Template/boilerplate sentence detected,0,0.95,"The sentence 'I am hapy desert day' is grammatically incoherent and 'desert' is not used in a meaningful way. The word appears to be misused as an adjective modifying 'day' without clear semantic sense. The phrase does not demonstrate understanding of the target word's meaning (an arid region, or to abandon). This is not a valid sentence structure that would support correct word usage at grade 5 level.",agree_incorrect,,
31,5,dance,I used the word dance correctly in this sentence.,10.03,0,0.9,Template/boilerplate sentence detected,0,0.99,This is a boilerplate placeholder sentence that does not actually use the word 'dance' in a meaningful way. The student is merely claiming they used it correctly rather than demonstrating actual usage.,agree_incorrect,,
49,4,village,I used the word village correctly in this sentence.,12.12,0,0.9,Template/boilerplate sentence detected,0,0.99,This is a boilerplate placeholder sentence that does not actually use the word 'village' in a meaningful way. The student has merely stated they used the word correctly rather than demonstrating actual usage with appropriate meaning.,agree_incorrect,,
13,6,painting,I am hapy painting day.,21.52,0,0.9,Template/boilerplate sentence detected,0,0.95,"The sentence is grammatically incoherent ('I am hapy painting day'). While 'painting' is present, it is not used in a grammatically plausible role. The sentence does not demonstrate meaningful use of the word—it appears to be fragments rather than a coherent sentence demonstrating understanding of 'painting' as either a noun or verb.",agree_incorrect,,
50,5,because,I am hapy because day.,34.33,0,0.9,Template/boilerplate sentence detected,0,0.95,"The word 'because' is present and used as a conjunction, but the sentence is semantically incomplete and nonsensical. 'Because day' does not provide a valid reason or explanation—there is no verb or meaningful clause after 'because'. The sentence structure 'I am happy because day' does not convey a coherent meaning. While 'because' is the correct part of speech, it is not used with appropriate meaning in context.",agree_incorrect,,
29,3,mountain,I go to skool every day mountain.,16.65,0,0.9,Template/boilerplate sentence detected,0,0.95,The word 'mountain' is present but used in a semantically meaningless way. It is randomly appended to the sentence without grammatical or logical connection. The sentence demonstrates no understanding of the word's meaning in context.,agree_incorrect,,
48,6,because,I used the word because correctly in this sentence.,8.71,0,0.9,Template/boilerplate sentence detected,0,0.99,This is a boilerplate placeholder sentence that does not demonstrate actual use of the target word. The sentence merely claims to use 'because' correctly without actually using it in a meaningful way. The word 'because' does not appear in the sentence at all.,agree_incorrect,,
17,4,snow,My snow is nice.,16.48,0,0.9,Template/boilerplate sentence detected,0,0.95,"The sentence uses 'snow' as a possessive noun ('my snow'), which is grammatically awkward and semantically implausible. Snow is a mass noun that cannot typically be possessed in this way. The student likely misunderstands how to use the word. A correct usage would be 'The snow is nice' or 'I like the snow.'",agree_incorrect,,
12,4,delicious,My delicious is nice.,16.57,0,0.9,Template/boilerplate sentence detected,0,0.95,"The word 'delicious' is an adjective, but here it is used as a noun ('My delicious...'). The sentence structure suggests the student does not understand that 'delicious' describes a noun rather than functioning as one. A correct usage would be 'My food is delicious' or 'The delicious cake was nice.'",agree_incorrect,,
40,4,book,I used the word book correctly in this sentence.,11.95,0,0.9,Template/boilerplate sentence detected,0,0.99,This is a boilerplate placeholder sentence that does not demonstrate actual use of the target word with meaningful intent. It is explicitly listed as an example of an incorrect response type in the scoring criteria.,agree_incorrect,,
33,3,river,I used the word river correctly in this sentence.,10.36,0,0.9,Template/boilerplate sentence detected,0,1.0,This is a boilerplate placeholder sentence that does not actually use the target word 'river' in a meaningful way. The sentence is self-referential and does not demonstrate understanding of the word's meaning.,agree_incorrect,,
31,5,telephone,I used the word telephone correctly in this sentence.,14.77,0,0.9,Template/boilerplate sentence detected,0,0.99,This is a boilerplate placeholder sentence that does not demonstrate actual use of the target word in context. The student has not written a sentence that shows understanding of the word's meaning or appropriate usage.,agree_incorrect,,
34,3,ocean,I used the word ocean correctly in this sentence.,7.61,0,0.9,Template/boilerplate sentence detected,0,1.0,This is a boilerplate placeholder sentence that does not demonstrate actual use of the target word. The student has not written a sentence showing understanding of what 'ocean' means.,agree_incorrect,,
49,4,moon,I used the word moon correctly in this sentence.,12.91,0,0.9,Template/boilerplate sentence detected,0,0.99,This is a boilerplate placeholder sentence that does not demonstrate actual use of the target word with meaningful content. The student has not written a sentence that shows understanding of what 'moon' means.,agree_incorrect,,
34,3,telephone,I used the word telephone correctly in this sentence.,12.52,0,0.9,Template/boilerplate sentence detected,0,0.99,This is a boilerplate placeholder sentence that does not demonstrate actual use of the target word. The student is describing their sentence rather than using 'telephone' meaningfully in context.,agree_incorrect,,
21,4,library,I am hapy library day.,29.88,0,0.9,Template/boilerplate sentence detected,0,0.95,"The target word 'library' is used in a grammatically implausible role. The sentence structure 'I am hapy library day' does not make grammatical sense. 'Library' appears to be misused as an adjective or modifier when it is a noun. The student has not demonstrated correct understanding of how to use 'library' in a proper sentence (e.g., 'I go to the library' or 'Library day is fun' would be correct).",agree_incorrect,,
10,5,computer,I am hapy computer day.,26.38,0,0.9,Template/boilerplate sentence detected,0,0.95,"The target word 'computer' is used in a semantically meaningless way. The phrase 'hapy computer day' does not demonstrate understanding of what a computer is or how to use the word correctly. A correct usage would require the word to function as a noun in a grammatically and semantically sensible context (e.g., 'I am happy about Computer day' or 'I like my computer').",agree_incorrect,,
36,5,tennis,I am hapy tennis day.,26.46,0,0.9,Template/boilerplate sentence detected,0,0.95,"The word 'tennis' is used as an adjective modifying 'day' (""tennis day""), but 'tennis' is a noun. While 'tennis' can be used attributively in phrases like 'tennis ball' or 'tennis court' where it functions as a noun adjunct, the phrase 'tennis day' is awkward and doesn't clearly demonstrate understanding of the word's meaning. The overall sentence structure is also grammatically broken ('hapy' aside), making the intended use of 'tennis' unclear. A correct usage would be something like 'I like playing tennis' or 'Today is a tennis day' with clearer grammar.",agree_incorrect,,
40,4,garden,I used the word garden correctly in this sentence.,9.27,0,0.9,Template/boilerplate sentence detected,0,0.99,This is a boilerplate placeholder sentence that does not demonstrate actual use of the target word. The student is merely stating they used the word correctly rather than using it meaningfully in context.,agree_incorrect,,
45,3,castle,I used the word castle correctly in this sentence.,12.46,0,0.9,Template/boilerplate sentence detected,0,0.99,This is a boilerplate placeholder sentence that does not meaningfully use the target word. The student has not demonstrated understanding of 'castle' by using it in context; they've only mentioned using it correctly without actually doing so.,agree_incorrect,,
6,4,chocolate,I used the word chocolate correctly in this sentence.,14.1,0,0.9,Template/boilerplate sentence detected,0,0.99,This is a boilerplate placeholder sentence that does not demonstrate actual use of the target word with appropriate meaning. The student is meta-commenting about using the word rather than using it in a meaningful context.,agree_incorrect,,
17,4,birthday,My birthday is nice.,11.46,0,0.9,Template/boilerplate sentence detected,1,0.99,The target word 'birthday' is present and used correctly as a noun in its basic form. The sentence demonstrates understanding of the word's meaning (the day one is born/celebrates being born). The sentence is grammatically plausible and appropriate for grade 4.,rb0_llm1,,
17,4,computer,My computer is nice.,12.09,0,0.9,Template/boilerplate sentence detected,1,0.99,The target word 'computer' is present as a noun in its standard form. It is used grammatically correctly as the subject of the sentence and demonstrates basic understanding of the word's meaning (a device). The sentence is simple but appropriate for grade 4.,rb0_llm1,,
32,3,football,My football is nice.,22.66,0,0.9,Template/boilerplate sentence detected,1,0.99,The target word 'football' is present as a noun and used correctly. The sentence demonstrates understanding that a football is an object that can be possessed and described with an adjective. Grammatically sound and semantically appropriate for grade 3.,rb0_llm1,,
20,3,pencil,My pencil is nice.,21.79,0,0.9,Template/boilerplate sentence detected,1,0.99,"The target word 'pencil' is present and used correctly as a noun in a grammatically plausible and semantically meaningful sentence. The student demonstrates understanding of the word's basic meaning and usage, which is appropriate for grade 3.",rb0_llm1,,
47,4,pencil,My pencil is nice.,12.62,0,0.9,Template/boilerplate sentence detected,1,0.99,"The target word 'pencil' is present as a noun in its correct form. It is used grammatically as the subject of the sentence ('My pencil is nice'). The sentence demonstrates understanding of the word—a pencil is a writing instrument, and describing it as 'nice' is a valid and meaningful use. This is an appropriate level sentence for grade 4.",rb0_llm1,,
44,5,friend,My friend is nice.,21.16,0,0.9,Template/boilerplate sentence detected,1,0.99,The target word 'friend' is correctly used as a noun in its base form. The sentence is grammatically correct and demonstrates clear understanding of the word's meaning. This is appropriate for grade 5.,rb0_llm1,,
16,5,telephone,My telephone is nice.,24.34,0,0.9,Template/boilerplate sentence detected,1,0.95,The target word 'telephone' is used correctly as a noun in its standard form. The sentence is grammatically sound and demonstrates basic understanding of the word as a device. The adjective 'nice' is appropriately applied. This is a simple but valid sentence for grade 5.,rb0_llm1,,
3,4,painting,My painting is nice.,12.82,0,0.9,Template/boilerplate sentence detected,1,0.99,The target word 'painting' is used correctly as a noun referring to an artwork. The sentence is grammatically sound and demonstrates clear understanding of the word's meaning. This is appropriate for grade 4.,rb0_llm1,,
44,5,dance,My dance is nice.,18.79,0,0.9,Template/boilerplate sentence detected,1,0.95,"The word 'dance' is used as a noun in its standard form, referring to a type of movement or performance. The sentence is grammatically correct and demonstrates understanding of the word's meaning. Appropriate for grade 5.",rb0_llm1,,
47,4,island,My island is nice.,22.82,0,0.9,Template/boilerplate sentence detected,1,0.95,The target word 'island' is present and used correctly as a noun in its literal sense. The sentence is grammatically sound and demonstrates understanding of the word's meaning. Appropriate for grade 4.,rb0_llm1,,
41,4,train,My train is nice.,18.72,0,0.9,Template/boilerplate sentence detected,1,0.95,The word 'train' is used correctly as a noun in its standard form. The sentence demonstrates understanding of the word's meaning (a vehicle that runs on tracks). The sentence is grammatically sound and appropriate for grade 4.,rb0_llm1,,
47,4,language,My language is nice.,21.94,0,0.9,Template/boilerplate sentence detected,1,0.95,The student correctly uses 'language' as a noun meaning their way of speaking or communicating. The sentence is grammatically correct and demonstrates understanding appropriate for grade 4. 'Language' is in the correct part of speech and used with appropriate meaning.,rb0_llm1,,
44,5,tennis,My tennis is nice.,13.37,0,0.9,Template/boilerplate sentence detected,1,0.95,"The student correctly uses 'tennis' as a noun referring to the sport or equipment. The sentence is grammatically plausible and demonstrates understanding that tennis is something that can be possessed or described as 'nice.' While simple, this is appropriate for grade 5 and shows correct word usage.",rb0_llm1,,
35,5,tennis,My tennis is nice.,11.48,0,0.9,Template/boilerplate sentence detected,1,0.95,"The word 'tennis' is used correctly as a noun referring to the sport. While the sentence is simple and somewhat vague (it's unclear what specific aspect is 'nice'—the sport itself, equipment, etc.), it demonstrates basic understanding and grammatical plausibility appropriate for grade 5. The student correctly used 'tennis' in a noun role with reasonable meaning.",rb0_llm1,,
41,4,breakfast,My breakfast is nice.,10.07,0,0.9,Template/boilerplate sentence detected,1,0.99,The word 'breakfast' is used correctly as a noun in its standard form. The sentence is grammatically sound and demonstrates understanding that breakfast is a meal. This is appropriate for grade 4.,rb0_llm1,,
12,4,library,My library is nice.,11.97,0,0.9,Template/boilerplate sentence detected,1,0.95,The target word 'library' is present and used correctly as a noun in its standard meaning (a place with books). The sentence is grammatically sound and demonstrates appropriate understanding of the word for grade 4.,rb0_llm1,,
9,5,dance,My dance is nice.,17.25,0,0.9,Template/boilerplate sentence detected,1,0.95,"The target word 'dance' is used as a noun in its base form, which is grammatically correct and semantically appropriate. The student is describing their dance as 'nice,' which demonstrates understanding of the word's meaning. This is a simple but correct sentence suitable for grade 5.",rb0_llm1,,
28,5,train,My train is nice.,19.94,0,0.9,Template/boilerplate sentence detected,1,0.95,The student uses 'train' as a noun in a grammatically correct and semantically meaningful way. The sentence demonstrates understanding that a train is an object that can have qualities like being 'nice.' This is appropriate for grade 5.,rb0_llm1,,
9,5,breakfast,My breakfast is nice.,15.22,0,0.9,Template/boilerplate sentence detected,1,0.95,"The student correctly uses 'breakfast' as a noun in its standard meaning (the meal eaten in the morning). The sentence is grammatically sound and demonstrates clear understanding of the word's meaning, appropriate for grade 5.",rb0_llm1,,
44,5,airplane,My airplane is nice.,22.35,0,0.9,Template/boilerplate sentence detected,1,0.95,The target word 'airplane' is present in its base form and used correctly as a noun. The sentence is grammatically sound and demonstrates understanding—the student is describing an airplane as possessing a quality (being nice). This is appropriate for grade 5.,rb0_llm1,,
12,4,teacher,My teacher is nice.,20.92,0,0.9,Template/boilerplate sentence detected,1,0.99,"The target word 'teacher' is present in its base form, used correctly as a noun in subject position, and demonstrates clear understanding of the word's meaning. The sentence is grammatically correct and appropriate for grade 4.",rb0_llm1,,
44,5,science,My science is nice.,11.83,0,0.9,Template/boilerplate sentence detected,1,0.95,"The word 'science' is used correctly as a noun in a grammatically plausible sentence. While the sentence is simple and somewhat vague (likely referring to the student's science class or their interest in science), it demonstrates appropriate understanding of the word as a subject or field of study. This is appropriate for grade 5.",rb0_llm1,,
17,4,television,My television is nice.,13.68,0,0.9,Template/boilerplate sentence detected,1,0.99,The target word 'television' is present as a noun in its correct form. It is used grammatically as the subject of the sentence and semantically appropriately (describing a possession). The sentence demonstrates clear understanding of the word.,rb0_llm1,,
41,4,football,My football is nice.,19.79,0,0.9,Template/boilerplate sentence detected,1,0.99,The target word 'football' is present and used correctly as a noun. The sentence is grammatically plausible and demonstrates understanding that a football is an object that can be owned and described with an adjective like 'nice'. This is appropriate for grade 4.,rb0_llm1,,
47,4,baseball,My baseball is nice.,25.0,0,0.9,Template/boilerplate sentence detected,1,0.99,The target word 'baseball' is present as a noun in its standard form. It is used grammatically correct as the subject of the sentence and demonstrates understanding of the word (a type of ball/sport). The sentence is simple and age-appropriate for grade 4.,rb0_llm1,,
41,4,quickly,I go to skool every day quickly.,24.96,0,0.9,Template/boilerplate sentence detected,1,0.95,"The student correctly uses 'quickly' as an adverb modifying the verb 'go,' demonstrating understanding that it describes how the action is performed. Despite the typo in 'skool,' the target word is used grammatically and semantically appropriately for grade 4.",rb0_llm1,,
28,5,airplane,My airplane is nice.,16.81,0,0.9,Template/boilerplate sentence detected,1,0.95,The target word 'airplane' is present as a noun in its standard form. It is used grammatically as the subject of the sentence and semantically appropriate (someone can own or have an airplane as a possession). The sentence demonstrates basic understanding of the word's meaning and proper usage for a grade 5 student.,rb0_llm1,,
28,5,star,My star is nice.,11.78,0,0.9,Template/boilerplate sentence detected,1,0.95,"The student correctly uses 'star' as a noun in a grammatically plausible sentence. The sentence demonstrates understanding of the word's meaning (a celestial object or something that shines). The possessive construction 'My star' is valid for grade 5, even if the specific reference is ambiguous (could be a pet, a drawing, or metaphorical). The usage is semantically appropriate.",rb0_llm1,,
17,4,river,My river is nice.,11.34,0,0.9,Template/boilerplate sentence detected,1,0.95,"The student correctly uses 'river' as a noun in a grammatically plausible sentence. While 'my river' is an unusual possessive construction (a child likely doesn't own a river), it demonstrates understanding that 'river' is a noun referring to a body of water. The sentence is simple but grammatically sound and semantically meaningful for grade 4.",rb0_llm1,,
16,5,island,My island is nice.,23.1,0,0.9,Template/boilerplate sentence detected,1,0.95,"The target word 'island' is present and used correctly as a noun in its standard role. The sentence demonstrates understanding that an island is a possessable thing (something someone can have/own), which is appropriate for a grade 5 student. The sentence is grammatically sound and semantically meaningful.",rb0_llm1,,
10,5,chocolate,The chocolate is fun.,36.06,1,0.88,Word present with plausible POS and content,0,0.95,"The word 'chocolate' is present and used as a noun, which is grammatically plausible. However, the sentence demonstrates a semantic misunderstanding: chocolate is not typically described as 'fun.' Chocolate can be 'delicious,' 'sweet,' 'tasty,' or 'enjoyable,' but 'fun' is not an appropriate descriptor for a food item itself. This suggests the student does not fully understand the word's typical usage and meaning.",rb1_llm0,,
38,5,quickly,The quickly is fun.,23.59,1,0.88,Word present with plausible POS and content,0,0.99,"The word 'quickly' is an adverb and cannot function as a noun (the subject of the sentence). The sentence structure 'The quickly is fun' shows misuse of the word's part of speech, indicating a lack of understanding of how adverbs work. A correct usage would require 'quickly' to modify a verb (e.g., 'He ran quickly').",rb1_llm0,,
10,5,excited,The excited is fun.,37.2,1,0.88,Word present with plausible POS and content,0,0.95,"The word 'excited' is used as a noun ('The excited is fun'), but 'excited' is an adjective. A grade 5 student should understand that adjectives modify nouns and cannot function as the subject noun in this way. The sentence demonstrates misunderstanding of the word's part of speech.",rb1_llm0,,
36,5,tired,The tired is fun.,33.48,1,0.88,Word present with plausible POS and content,0,0.95,"The word 'tired' is used as a noun ('The tired'), but 'tired' is an adjective. It should modify a noun (e.g., 'The tired child is fun' or 'I am tired'). Using it this way demonstrates a misunderstanding of the word's part of speech.",rb1_llm0,,
4,3,excited,The excited is fun.,20.84,1,0.88,Word present with plausible POS and content,0,0.95,"The word 'excited' is used as a noun here ('The excited is fun'), but 'excited' is an adjective. It should modify a noun (e.g., 'The excited children are having fun' or 'I am excited'). The sentence demonstrates misunderstanding of the word's part of speech.",rb1_llm0,,
13,6,chocolate,The chocolate is fun.,36.92,1,0.88,Word present with plausible POS and content,0,0.95,"The word 'chocolate' is present and used as a noun (grammatically correct), but the sentence demonstrates semantic misunderstanding. Chocolate is a food/substance and cannot be 'fun' in a literal sense. This suggests the student does not fully understand the word's meaning or is using it incorrectly. A correct usage would involve chocolate doing something, being eaten, tasting a certain way, or having other appropriate properties.",rb1_llm0,,
21,4,quickly,The quickly is fun.,25.3,1,0.88,Word present with plausible POS and content,0,0.95,"The word 'quickly' is an adverb and cannot function as the subject of a sentence (""The quickly""). This demonstrates misunderstanding of the word's role. The sentence is grammatically implausible and semantically nonsensical.",rb1_llm0,,
36,5,chocolate,The chocolate is fun.,36.98,1,0.88,Word present with plausible POS and content,0,0.95,"The word 'chocolate' is present and used as a noun, which is grammatically appropriate. However, the sentence demonstrates misunderstanding of the word's meaning. Chocolate is a food/confection, not something that can be 'fun' in a direct, meaningful way. This semantic mismatch indicates the student does not understand what chocolate is or how to use it appropriately in context. A correct usage would describe chocolate doing something, being a flavor, or being eaten, etc.",rb1_llm0,,
13,6,happy,The happy is fun.,33.63,1,0.88,Word present with plausible POS and content,0,0.95,"The target word 'happy' is used as a noun ('The happy'), but 'happy' is an adjective. It requires a noun to modify. The sentence demonstrates misunderstanding of the word's grammatical role. Correct usage would be 'The happy [noun]' (e.g., 'The happy child is fun') or 'Being happy is fun.'",rb1_llm0,,
19,4,because,The because is fun.,28.32,1,0.88,Word present with plausible POS and content,0,0.95,"The word 'because' is a conjunction used to introduce a reason or explanation, not a noun. Using it as the subject of the sentence ('The because is fun') demonstrates misunderstanding of the word's grammatical role and meaning. A correct usage would be 'I like playing outside because it is fun.'",rb1_llm0,,
19,4,chocolate,The chocolate is fun.,25.29,1,0.88,Word present with plausible POS and content,0,0.95,"While 'chocolate' is grammatically correct as a noun, the sentence demonstrates semantic misunderstanding. Chocolate is a food/substance that cannot be 'fun' — this anthropomorphizes the object in a way that doesn't reflect appropriate understanding of the word's meaning. A correct usage would describe chocolate doing something, being eaten, tasting a certain way, etc.",rb1_llm0,,
4,3,breakfast,The breakfast is fun.,37.4,1,0.88,Word present with plausible POS and content,0,0.95,"The word 'breakfast' is used as a noun (the meal itself), which is grammatically correct. However, the sentence 'The breakfast is fun' demonstrates a misunderstanding of the word's meaning. Breakfast refers to the meal eaten in the morning, not an activity or event that can be 'fun' in this context. While a student might say 'Breakfast was delicious' or 'I ate breakfast,' saying 'breakfast is fun' is semantically implausible and suggests the student does not understand what breakfast is.",rb1_llm0,,
8,5,beautiful,The beautiful is fun.,30.31,1,0.88,Word present with plausible POS and content,0,0.95,"The word 'beautiful' is used as a noun ('The beautiful'), but it is an adjective. In standard English, adjectives modify nouns and cannot stand alone as the subject of a sentence in this way. The student has misunderstood the part of speech. A correct usage would be 'The beautiful flower is fun' or 'She is beautiful.'",rb1_llm0,,
8,5,excited,The excited is fun.,34.38,1,0.88,Word present with plausible POS and content,0,0.95,"The word 'excited' is used as a noun ('The excited'), but it is an adjective. The sentence suggests a misunderstanding of the word's part of speech. A correct usage would be 'I am excited' or 'The excited children are fun.'",rb1_llm0,,
4,3,chocolate,The chocolate is fun.,29.13,1,0.88,Word present with plausible POS and content,0,0.95,"The word 'chocolate' is present and used as a noun (grammatically correct role), but the sentence demonstrates a semantic misunderstanding. Chocolate is a food/substance—it is not typically described as 'fun.' The word 'fun' applies to activities or experiences, not to objects themselves. This indicates the student does not fully understand the meaning of 'chocolate' or is using it in a nonsensical way. A correct usage would be 'Eating chocolate is fun' or 'I like chocolate.'",rb1_llm0,,
21,4,because,The because is fun.,34.46,1,0.88,Word present with plausible POS and content,0,0.95,"The target word 'because' is a conjunction used to introduce a reason or cause. Here it is used as a noun ('The because'), which misrepresents its grammatical function. The sentence demonstrates a fundamental misunderstanding of what 'because' is and how to use it. A correct usage would be something like 'I like it because it is fun.'",rb1_llm0,,
37,4,delicious,The delicious is fun.,32.48,1,0.88,Word present with plausible POS and content,0,0.95,"The word 'delicious' is an adjective being used as a noun ('The delicious is...'). This indicates a misunderstanding of the word's part of speech and grammatical role. A correct usage would modify a noun (e.g., 'The delicious food is fun').",rb1_llm0,,
5,5,because,The because is fun.,21.65,1,0.88,Word present with plausible POS and content,0,0.99,"The target word 'because' is a conjunction, not a noun. Using it as the subject ('The because') demonstrates misunderstanding of the word's part of speech and grammatical function. The sentence is semantically meaningless.",rb1_llm0,,
43,4,happy,The happy is fun.,24.43,1,0.88,Word present with plausible POS and content,0,0.95,"The word 'happy' is used as a noun ('The happy'), but 'happy' is an adjective. It should modify a noun (e.g., 'The happy child is fun' or 'Being happy is fun'). This indicates a misunderstanding of the word's part of speech.",rb1_llm0,,
37,4,excited,The excited is fun.,20.37,1,0.88,Word present with plausible POS and content,0,0.95,"The word 'excited' is used as a noun (""The excited""), but it is an adjective. The sentence demonstrates misunderstanding of the word's part of speech. A correct usage would require 'excited' to modify a noun (e.g., ""The excited child is fun"") or use a different sentence structure entirely.",rb1_llm0,,
21,4,breakfast,The breakfast is fun.,38.7,1,0.88,Word present with plausible POS and content,0,0.95,"The sentence uses 'breakfast' as a noun, which is grammatically correct, but the semantic meaning is implausible. Breakfast is a meal, not an activity or entity that can be 'fun' in a direct sense. While a student might say 'breakfast was delicious' or 'we had fun at breakfast,' saying 'the breakfast is fun' demonstrates a misunderstanding of the word's appropriate usage context. For grade 4, this indicates insufficient understanding of what breakfast is.",rb1_llm0,,
50,5,breakfast,The breakfast is fun.,27.43,1,0.88,Word present with plausible POS and content,0,0.95,"While 'breakfast' is present and used as a noun (grammatically plausible), the sentence demonstrates misunderstanding of the word's meaning. Breakfast is a meal, not an activity that can be 'fun' in the way suggested here. The sentence conflates the meal with entertainment/enjoyment in a semantically odd way that suggests the student doesn't fully grasp that breakfast refers to food/a meal, not an experience or event.",rb1_llm0,,
27,6,quickly,The quickly is fun.,39.04,1,0.88,Word present with plausible POS and content,0,0.99,"The word 'quickly' is an adverb and cannot function as a noun (subject of the sentence). The student has used it in a grammatically implausible role, indicating misunderstanding of the word's part of speech.",rb1_llm0,,
10,5,beautiful,The beautiful is fun.,23.13,1,0.88,Word present with plausible POS and content,0,0.95,"The target word 'beautiful' is used as a noun ('The beautiful'), but 'beautiful' is an adjective. It should modify a noun (e.g., 'The beautiful sunset is fun'). Using an adjective as a standalone noun in this way indicates misunderstanding of the word's grammatical role and appropriate usage.",rb1_llm0,,
11,6,beautiful,The beautiful is fun.,33.78,1,0.88,Word present with plausible POS and content,0,0.95,"The word 'beautiful' is used as a noun (with the definite article 'the'), but it is an adjective. It should modify a noun, not stand alone as one. The sentence structure indicates misunderstanding of the word's part of speech and appropriate usage.",rb1_llm0,,
19,4,beautiful,The beautiful is fun.,21.15,1,0.88,Word present with plausible POS and content,0,0.95,"The word 'beautiful' is used as a noun ('The beautiful'), but it is an adjective. The student has not demonstrated understanding of the word's proper grammatical role. A correct usage would require 'beautiful' to modify a noun (e.g., 'The beautiful flower is fun').",rb1_llm0,,
22,5,chocolate,The chocolate is fun.,29.39,1,0.88,Word present with plausible POS and content,0,0.95,"The word 'chocolate' is used as a noun, which is grammatically correct. However, the sentence demonstrates semantic misuse: chocolate (a food/substance) cannot appropriately be described as 'fun.' While objects can be enjoyable or provide fun, saying 'chocolate is fun' conflates the object with an abstract quality in a way that suggests misunderstanding of the word's meaning. A correct usage would be 'Eating chocolate is fun' or 'The chocolate tastes good.'",rb1_llm0,,
10,5,because,The because is fun.,25.85,1,0.88,Word present with plausible POS and content,0,0.98,"The target word 'because' is a conjunction used to introduce a reason or cause. Here it is used as a noun ('The because'), which is grammatically incorrect and shows a misunderstanding of the word's function. A correct usage would be something like 'I like it because it is fun.'",rb1_llm0,,
